{
  "project_info": {
    "project_number": "563268776135",
    "firebase_url": "https://weatherappproject-34dcb-default-rtdb.firebaseio.com",
    "project_id": "weatherappproject-34dcb",
    "storage_bucket": "weatherappproject-34dcb.appspot.com"
  },
  "client": [
    {
      "client_info": {
        "mobilesdk_app_id": "1:563268776135:android:706e763620b786d67a0ee2",
        "android_client_info": {
          "package_name": "com.example.weatherappproject"
        }
      },
      "oauth_client": [
        {
          "client_id": "563268776135-6utugabaa3rjj5jtp7np5boe7gn7bqm8.apps.googleusercontent.com",
          "client_type": 3
        }
      ],
      "api_key": [
        {
          "current_key": "AIzaSyCrm0cFuTukpcqMxak2pW8BhBgBQa-5Z10"
        }
      ],
      "services": {
        "appinvite_service": {
          "other_platform_oauth_client": [
            {
              "client_id": "563268776135-6utugabaa3rjj5jtp7np5boe7gn7bqm8.apps.googleusercontent.com",
              "client_type": 3
            }
          ]
        }
      }
    }
  ],
  "configuration_version": "1"
}